id,label,entropy,imports,strings,sections,signed,debug_symbols
b01,0,5.1,92,840,6,1,0
b02,0,4.7,110,920,7,1,1
b03,0,6.0,75,610,5,1,0
b04,0,5.4,130,1100,8,1,0
b05,0,4.9,88,760,6,0,1
b06,0,5.7,102,830,7,1,0
b07,0,6.1,70,580,5,1,0
b08,0,5.0,122,990,8,1,1
b09,0,5.5,95,810,6,1,0
b10,0,4.8,115,950,7,1,1
m01,1,7.6,31,180,4,0,0
m02,1,7.2,45,260,5,0,0
m03,1,6.9,38,220,4,0,1
m04,1,7.8,22,120,3,0,0
m05,1,7.0,51,300,5,0,0
m06,1,7.4,29,160,4,0,0
m07,1,6.8,47,280,5,0,1
m08,1,7.7,25,140,3,0,0
m09,1,7.1,42,240,4,0,0
m10,1,7.5,33,190,4,0,0
